<MissionPackageManifest version="2">
       <Configuration>
          <Parameter name="uid" value="a4895e53-dadc-47d2-809f-ea5e5fa5ffa1"/>
          <Parameter name="name" value="FreeTAKServer_192.168.20.73"/>
          <Parameter name="onReceiveDelete" value="true"/>
       </Configuration>
       <Contents>
          <Content ignore="false" zipEntry="cert/fts.pref"/>
          <Content ignore="false" zipEntry="cert/192-168-20-73_FreeTAKServer-2-2-1_d74a16cj5tjd9jcpdhh8gyflree89byz.p12"/>
          <Content ignore="false" zipEntry="cert/ETGObsidian3d24343d-9d05-4e13-8ef7-2bfbb7d694d6.p12"/>
          <Content ignore="false" zipEntry="Obsidian_Project.kmz">
            <Parameter name="name" value="maps/Obsidian_Project.kmz"/>
            <Parameter name="contentType" value="External GRG Data"/>
            <Parameter name="visible" value="true"/>
         </Content>
         <Content ignore="false" zipEntry="maps/sGoogleMaps.xml"/>
       </Contents>
    </MissionPackageManifest>
    